{
    "rmse": 0.020059837901860438,
    "mae": 0.009204346560065968,
    "r2": 0.9997909044987948
}